id,source,category,url,content_type,format,update_cadence,current_size,licence_url,licence_clause_quoted,india_relevance,verdict,date_checked,notes
1,Spamhaus DROP / DROPv6 / ASN-DROP,Blocklist (IP/ASN),https://www.spamhaus.org/drop,IPv4 and IPv6 netblocks and ASNs on an advisory 'drop all traffic' list,JSON (per Spamhaus DROP page),Changes slowly; Spamhaus FAQ says do not auto-fetch more than once per hour,approx 1000 IPv4 ranges and 150 IPv6 ranges,https://www.spamhaus.org/drop/terms/ ; https://www.spamhaus.org/drop,"Terms 2.1: ""The DROP Lists are provided to you free of charge subject to these Terms."" | DROP page: ""when used in a product, credit must be given to Spamhaus Project"" ; ""free regardless of size or business type""",High (global infrastructure),Bundle,2026-10-06,Conditions: credit Spamhaus; date and (c) text stay with the data; Spamhaus name must not be used in marketing (terms 3.2).
2,abuse.ch URLhaus,Blocklist (URL/domain),https://urlhaus.abuse.ch/,URLs distributing malware,Export files and API (Auth-Key required),Every 5 minutes,approx 15000 active URLs,https://abuse.ch/terms-of-use/,"Terms of Use s.4: ""may require a paid subscription, which will be managed by Spamhaus""",Medium,Customer-adds,2026-10-06,Terms effective 4 Nov 2025: commercial use may need a paid subscription managed by Spamhaus (s.4); s.7.3 bars copying/derivative works and high-volume automated harvesting.
3,abuse.ch ThreatFox,IOC feed (IP/domain/URL/hash),https://threatfox.abuse.ch/,IOCs tied to named malware families,JSON API (Auth-Key required),Every 5 minutes,approx 20000 recent IOCs,https://abuse.ch/terms-of-use/ ; https://threatfox-api.abuse.ch/faq,"Same Terms of Use as row 2 (s.3.1 and s.4; ThreatFox is named in the platform list).",Medium,Customer-adds,2026-10-06,"The newer Terms of Use effective 4 Nov 2025 name ThreatFox and set fair-use limits with a paid commercial route. Treat as controlling."
4,abuse.ch Feodo Tracker,Blocklist (botnet C2 IP),https://feodotracker.abuse.ch/,Botnet command-and-control IPs,JSON/CSV,Every 5 minutes,approx 500 IPs,https://abuse.ch/terms-of-use/,"Same Terms of Use as row 2 (Feodo Tracker is named in the platform list, s.1)",Medium,Customer-adds,2026-10-06,"Covered by the same Terms of Use."
5,Emerging Threats Open (Proofpoint),IDS/IPS rules,https://rules.emergingthreats.net/open/,"Suricata/Snort rules (signatures, not a plain IP/domain list)",Rule files,Daily,approx 30000 rules,https://community.emergingthreats.net/t/frequently-asked-questions/56 ; https://community.emergingthreats.net/t/licensing-of-third-party-rules/2396,"FAQ: ""Free, as in BSD licensed, which allows you to do what you like""",High,Bundle,2026-10-06,"Bundle only the BSD SID range 2000000-2099999; the forked Snort rules 2100000-2103999 are GPL (community thread, Jan 2025)."
6,DShield recommended block list (SANS ISC),Blocklist (IPv4 /24),https://feeds.dshield.org/block.txt,Top 20 attacking /24 subnets over the last three days,Tab-delimited text with commented header,Several updates per day,20 /24 entries per fetch,http://creativecommons.org/licenses/by-nc-sa/2.5/,"Header: ""some rights reserved. Details http://creativecommons.org/licenses/by-nc-sa/2.5/""",Low (global scanners),Reject,2026-10-06,"CC BY-NC-SA (non-commercial) cannot be embedded in a commercial firewall."
7,CERT-In advisories (CIAD) and guidelines,National CERT advisories,https://www.cert-in.org.in/s2cMainServlet?pageid=PUBADVLIST02&year=2026,Advisories (HTML/PDF) and guidelines,HTML / PDF,Ad hoc: 12 advisories 16 Jul to 10 Sep 2026,45 CIADs issued in 2026 as of 6 Oct,https://www.cert-in.org.in/s2cMainServlet?pageid=COPYRIGHTPOCY,"Copyright Policy: ""may be reproduced free of charge after taking proper permission""",High (national CERT),Customer-adds,2026-10-06,"The same policy requires accurate reproduction, no misleading context, acknowledgement of source. Bundle only after written permission."
8,CISA cybersecurity advisories,Government advisories,https://www.cisa.gov/news-events/cybersecurity-advisories,Advisories with IOCs and TTPs,HTML / PDF,Ad hoc,Hundreds of advisories historically,https://cisa.gov/notification ; https://www.cisa.gov/linking-policy,"Notification page: ""Recipients may share TLP:CLEAR information without restriction""",Medium (global; check India-relevant actors),Bundle,2026-10-06,"Notification says all site content is TLP:CLEAR, shareable without restriction but subject to copyright controls."
9,CISA KEV (Known Exploited Vulnerabilities),Vulnerability prioritisation,https://www.cisa.gov/known-exploited-vulnerabilities-catalog,"CVEs exploited in the wild (CVE level, no network IOCs)","JSON, CSV, JSON schema",Updated whenever the catalog changes,About 1695 entries,https://www.cisa.gov/sites/default/files/licenses/kev/license.txt ; https://github.com/cisagov/kev-data,"kev-data README: ""licensed under the CC0 license""; License text: ""The United States Government... makes this data available worldwide under the CC0 1.0 Universal Public Domain Dedication.""",Medium (global CVEs),Bundle,2026-10-06,"Public domain dedication."
10,FIRST EPSS,Vulnerability prioritisation,https://www.first.org/epss/,Daily probability that a CVE is exploited in the next 30 days,CSV daily download and JSON API,Daily,Over 350000 CVEs scored,https://www.first.org/epss/#Usage-Agreement,"Usage Agreement: ""grant the use of EPSS scores freely to the public""",Medium (global CVEs),Bundle,2026-10-06,"Attribution requested."
11,Tranco top sites list,False-positive guard (domains),https://tranco-list.eu/,Domain popularity ranking (B3 uses the top 10k),CSV,Daily,1000000 domains in the standard list,https://tranco-list.eu/,"Attribution section: ""Cloudflare Radar (available under a CC BY-NC 4.0 license)""",Guard only,Reject,2026-10-06,"Used only as a private build-time guard."
12,AWS published IP ranges,False-positive guard (IP ranges),https://ip-ranges.amazonaws.com/ip-ranges.json,Published AWS IPv4 and IPv6 prefixes,JSON,Frequent updates,approx 7000 prefixes,https://docs.aws.amazon.com/vpc/latest/userguide/aws-ip-syntax.html,"AWS docs: ""AWS publishes its current IP address ranges in JSON format""",Guard only,Reject,2026-10-06,"A statement of publication, not a licence grant; no reuse licence found. Used only as a build-time allowlist, nothing redistributed."
13,Google Cloud published IP ranges,False-positive guard (IP ranges),https://www.gstatic.com/ipranges/cloud.json,Published Google Cloud prefixes (goog.json is the wider Google space),JSON,Frequent updates,approx 500 prefixes,https://cloud.google.com/appengine/docs/standard/ruby/outbound-ip-addresses,"Google docs: ""Google publishes the complete list of IP ranges that it makes available""",Guard only,Reject,2026-10-06,"A statement of publication, not a licence grant. Used only as a build-time allowlist, nothing redistributed."
14,Cloudflare published IP ranges,False-positive guard (IP ranges),https://www.cloudflare.com/ips/,Published Cloudflare edge prefixes,"Page and text lists (ips-v4, ips-v6)",Rare: page last updated 28 Sep 2023,15 IPv4 and 7 IPv6 CIDRs (per page),https://www.cloudflare.com/ips/,"Page: ""intended to be the definitive source of Cloudflare's current IP ranges""",Guard only,Reject,2026-10-06,"A statement of purpose, not a licence grant. Used only as a build-time allowlist, nothing redistributed."
